system,runtime,workload,pub_mps,sub_mps,p50_ms,p95_ms,p99_ms,p999_ms,max_ms,run
rumqttd,tokio,W-Fanout,770.84,37880.57,0.00,0.00,0.01,0.01,0.48,1
rumqttd,tokio,W-Fanin,496652.93,43584.71,0.00,0.00,0.99,9.80,57.15,1
rumqttd,tokio,W-P2P,518000.53,183926.09,0.00,0.00,2.10,9.86,52.35,1
rumqttd,tokio,W-Burst,93350.93,462977.34,0.00,0.00,0.00,0.00,3.92,1
rumqttd,lion,W-Fanout,821.21,40453.33,0.00,0.00,0.00,0.02,0.47,1
rumqttd,lion,W-Fanin,521253.88,46612.38,0.00,0.00,1.09,9.46,54.37,1
rumqttd,lion,W-P2P,429944.89,176293.91,0.00,0.00,0.62,12.30,49.92,1
rumqttd,lion,W-Burst,93353.13,450510.13,0.00,0.00,0.00,0.00,38.72,1
rumqttd,tokio,W-Fanout,773.97,38087.74,0.00,0.00,0.00,0.01,0.49,2
rumqttd,tokio,W-Fanin,528851.79,47912.17,0.00,0.00,1.03,9.20,49.76,2
rumqttd,tokio,W-P2P,445696.85,179388.80,0.00,0.00,2.18,11.57,51.07,2
rumqttd,tokio,W-Burst,93339.32,403477.61,0.00,0.00,0.00,0.00,34.56,2
rumqttd,lion,W-Fanout,776.99,38210.69,0.00,0.00,0.00,0.01,0.09,2
rumqttd,lion,W-Fanin,508681.06,44763.77,0.00,0.00,1.08,9.61,57.41,2
rumqttd,lion,W-P2P,437132.08,164417.89,0.00,0.00,0.64,12.34,50.69,2
rumqttd,lion,W-Burst,93311.03,363493.54,0.00,0.00,0.00,0.00,11.10,2
rumqttd,tokio,W-Fanout,778.61,38299.95,0.00,0.00,0.01,0.01,0.09,3
rumqttd,tokio,W-Fanin,528783.62,45727.69,0.00,0.00,1.06,9.29,49.15,3
rumqttd,tokio,W-P2P,439869.17,176198.99,0.00,0.00,2.06,11.44,49.47,3
rumqttd,tokio,W-Burst,93334.57,389984.83,0.00,0.00,0.00,0.00,4.19,3
rumqttd,lion,W-Fanout,801.08,39441.12,0.00,0.00,0.00,0.02,0.47,3
rumqttd,lion,W-Fanin,515389.40,44254.31,0.00,0.00,1.02,9.49,53.53,3
rumqttd,lion,W-P2P,520952.90,187714.89,0.00,0.00,0.65,9.54,50.98,3
rumqttd,lion,W-Burst,93301.71,395737.44,0.00,0.00,0.00,0.00,14.38,3
rumqttd,tokio,W-Fanout,782.62,38529.96,0.00,0.00,0.00,0.02,0.10,4
rumqttd,tokio,W-Fanin,525096.01,46531.87,0.00,0.00,0.98,9.37,49.98,4
rumqttd,tokio,W-P2P,532606.78,190917.63,0.00,0.00,1.88,9.43,51.33,4
rumqttd,tokio,W-Burst,93347.09,420186.58,0.00,0.00,0.00,0.00,0.54,4
rumqttd,lion,W-Fanout,795.02,39110.98,0.00,0.00,0.00,0.02,0.06,4
rumqttd,lion,W-Fanin,521856.64,46954.68,0.00,0.00,1.00,9.33,52.29,4
rumqttd,lion,W-P2P,498075.18,183382.48,0.00,0.00,0.67,10.34,51.68,4
rumqttd,lion,W-Burst,93320.44,420053.59,0.00,0.00,0.00,0.00,10.15,4
rumqttd,tokio,W-Fanout,764.51,37592.41,0.00,0.01,0.01,0.01,0.06,5
rumqttd,tokio,W-Fanin,524050.43,45987.32,0.00,0.00,1.06,9.44,51.71,5
rumqttd,tokio,W-P2P,535448.60,193868.97,0.00,0.00,1.85,9.43,51.23,5
rumqttd,tokio,W-Burst,93166.58,412920.94,0.00,0.00,0.00,0.00,40.51,5
rumqttd,lion,W-Fanout,787.82,38797.07,0.00,0.00,0.00,0.01,0.48,5
rumqttd,lion,W-Fanin,518545.30,45955.33,0.00,0.00,0.92,9.46,53.85,5
rumqttd,lion,W-P2P,419123.62,161157.27,0.00,0.00,0.75,12.72,51.01,5
rumqttd,lion,W-Burst,93368.56,433664.22,0.00,0.00,0.00,0.00,6.81,5
rumqttd,tokio,W-Fanout,771.07,37944.12,0.00,0.00,0.00,0.02,0.47,6
rumqttd,tokio,W-Fanin,524826.26,47551.29,0.00,0.00,1.03,9.33,50.30,6
rumqttd,tokio,W-P2P,505199.74,184156.49,0.00,0.00,2.13,10.82,52.22,6
rumqttd,tokio,W-Burst,93308.42,421425.64,0.00,0.00,0.00,0.00,5.02,6
rumqttd,lion,W-Fanout,780.67,38416.18,0.00,0.00,0.00,0.02,0.47,6
rumqttd,lion,W-Fanin,499520.51,44315.58,0.00,0.00,0.97,9.89,57.22,6
rumqttd,lion,W-P2P,494521.52,182644.95,0.00,0.00,0.69,9.92,51.45,6
rumqttd,lion,W-Burst,93332.07,410684.25,0.00,0.00,0.00,0.00,6.67,6
rumqttd,tokio,W-Fanout,776.09,38191.77,0.00,0.00,0.00,0.02,0.06,7
rumqttd,tokio,W-Fanin,534331.45,46365.96,0.00,0.00,1.07,9.21,50.94,7
rumqttd,tokio,W-P2P,537608.73,189985.76,0.00,0.00,1.89,9.34,51.01,7
rumqttd,tokio,W-Burst,93308.89,375286.82,0.00,0.00,0.00,0.00,32.41,7
rumqttd,lion,W-Fanout,802.50,39495.86,0.00,0.00,0.00,0.01,0.48,7
rumqttd,lion,W-Fanin,520358.54,45422.36,0.00,0.00,0.97,9.41,52.77,7
rumqttd,lion,W-P2P,519717.38,190551.32,0.00,0.00,0.68,9.54,50.05,7
rumqttd,lion,W-Burst,93373.44,404328.85,0.00,0.00,0.00,0.00,3.92,7
rumqttd,tokio,W-Fanout,773.32,38020.52,0.00,0.00,0.00,0.01,0.49,8
rumqttd,tokio,W-Fanin,523847.91,45548.68,0.00,0.00,1.06,9.32,49.60,8
rumqttd,tokio,W-P2P,539351.21,187822.78,0.00,0.00,2.01,9.42,52.00,8
rumqttd,tokio,W-Burst,93238.55,418587.51,0.00,0.00,0.00,0.00,2.65,8
rumqttd,lion,W-Fanout,825.25,40604.91,0.00,0.00,0.00,0.02,0.49,8
rumqttd,lion,W-Fanin,523922.33,45644.50,0.00,0.00,1.13,9.34,52.26,8
rumqttd,lion,W-P2P,505530.67,186030.64,0.00,0.00,0.62,10.13,49.63,8
rumqttd,lion,W-Burst,93415.72,456150.89,0.00,0.00,0.00,0.00,4.45,8
rumqttd,tokio,W-Fanout,779.87,38394.42,0.00,0.00,0.01,0.01,0.05,9
rumqttd,tokio,W-Fanin,504303.50,43708.33,0.00,0.00,0.95,9.66,53.92,9
rumqttd,tokio,W-P2P,512486.96,183045.84,0.00,0.00,2.08,9.88,52.38,9
rumqttd,tokio,W-Burst,93321.07,440399.71,0.00,0.00,0.00,0.00,7.25,9
rumqttd,lion,W-Fanout,830.23,40874.46,0.00,0.00,0.00,0.02,0.51,9
rumqttd,lion,W-Fanin,521243.72,46527.01,0.00,0.00,1.04,9.38,52.99,9
rumqttd,lion,W-P2P,514270.44,189550.29,0.00,0.00,0.62,9.60,50.66,9
rumqttd,lion,W-Burst,93289.46,456415.35,0.00,0.00,0.00,0.00,2.69,9
rumqttd,tokio,W-Fanout,774.88,38102.58,0.00,0.00,0.00,0.02,0.07,10
rumqttd,tokio,W-Fanin,502519.54,45500.38,0.00,0.00,1.00,9.70,53.70,10
rumqttd,tokio,W-P2P,516925.22,189794.56,0.00,0.00,1.91,9.68,51.84,10
rumqttd,tokio,W-Burst,93307.77,410057.82,0.00,0.00,0.00,0.00,7.74,10
rumqttd,lion,W-Fanout,795.56,39137.54,0.00,0.00,0.00,0.02,0.48,10
rumqttd,lion,W-Fanin,520705.28,45343.90,0.00,0.00,0.99,9.40,53.66,10
rumqttd,lion,W-P2P,510998.36,189539.49,0.00,0.00,0.57,9.67,50.56,10
rumqttd,lion,W-Burst,93265.82,391977.13,0.00,0.00,0.00,0.00,3.61,10
